{
    "random_forest": {
        "Adjusted Offensive Efficiency": 0.16919785714731958,
        "Adjusted Defensive Efficiency": 0.16215097209220067,
        "AvgHeight": 0.039217685198448246,
        "Raw Defensive Efficiency": 0.0365604839951411,
        "Raw Offensive Efficiency": 0.02956985565051529,
        "OppBlockPct": 0.023778639604824583,
        "BlockPct": 0.023647574395757286,
        "FTRate": 0.02202778746066847,
        "FG3Pct": 0.02198216844409436,
        "DefFT": 0.021794322593254686,
        "ORPct": 0.02160902747846651,
        "OppFTPct": 0.021229922638392417,
        "OppFG2Pct": 0.02097128648469566,
        "OffFT": 0.020697370363237075,
        "OppFG3Pct": 0.020579207237851636,
        "OppARate": 0.02053022483111632,
        "FTPct": 0.02003332634321787,
        "Def2PtFG": 0.019200612466984665,
        "FG2Pct": 0.019093701158026426,
        "ARate": 0.018632299877721876,
        "TOPct": 0.01860128653401971,
        "Top 12 in AP Top 25 During Week 6?": 0.01846325219736938,
        "Def3PtFG": 0.01825122948352093,
        "eFGPct": 0.0176237056997976,
        "StlRate": 0.017612875056900294,
        "OppStlRate": 0.01758161682892469,
        "Off2PtFG": 0.01749445764624151,
        "OppFG3Rate": 0.015999160430195336,
        "Pre-Tournament.Tempo": 0.01594536979227361,
        "Adjusted Tempo": 0.014873908906668318,
        "Off3PtFG": 0.01442506635148357,
        "FG3Rate": 0.014094406067781584,
        "Raw Tempo": 0.011669060410188557,
        "Short Conference Name_WAC": 0.004180237046696091,
        "Short Conference Name_Ivy": 0.002495944293263108,
        "Short Conference Name_Sum": 0.002017314664978318,
        "Short Conference Name_A10": 0.0017034665666553974,
        "Short Conference Name_ASun": 0.0016531002750099274,
        "Short Conference Name_Pat": 0.0014309268061539113,
        "Short Conference Name_BW": 0.0013741171189032026,
        "Short Conference Name_AE": 0.0012837067261777435,
        "Short Conference Name_SEC": 0.0011644403885994815,
        "Short Conference Name_Horz": 0.001122099872380339,
        "Short Conference Name_BE": 0.00111489740218997,
        "Short Conference Name_MAAC": 0.0011083461726481827,
        "Short Conference Name_CAA": 0.0010918924206859842,
        "Short Conference Name_CUSA": 0.0010703026147027123,
        "Short Conference Name_MAC": 0.0010505591930415577,
        "Short Conference Name_BSky": 0.000994432427393642,
        "Short Conference Name_MVC": 0.0009775905417722583,
        "Short Conference Name_MWC": 0.0009405162291494143,
        "Short Conference Name_SC": 0.0008876613786751216,
        "Short Conference Name_WCC": 0.0008355949809298872,
        "Short Conference Name_ACC": 0.0008116432140723611,
        "Short Conference Name_Slnd": 0.0007726968932768524,
        "Short Conference Name_SB": 0.000722269067367051,
        "Short Conference Name_B10": 0.0005577607687116775,
        "Short Conference Name_B12": 0.0005570849463123087,
        "Short Conference Name_P10": 0.0005409281206931967,
        "Short Conference Name_Amer": 0.00046212259586654933,
        "Short Conference Name_P12": 0.00045640854651184294,
        "Short Conference Name_OVC": 0.0003990308384473112,
        "Short Conference Name_BSth": 0.0003387661951815665,
        "Short Conference Name_NEC": 0.00029165714163022314,
        "Short Conference Name_MCon": 0.0001727900152765664,
        "Short Conference Name_MEAC": 0.0001550812671557085,
        "Short Conference Name_SWAC": 0.00010061527000735241,
        "Short Conference Name_ind": 2.3614825529001303e-05,
        "Short Conference Name_PL": 6.623066542155556e-07
    },
    "lasso": {
        "Adjusted Offensive Efficiency": 0.6379089098223701,
        "Short Conference Name_SWAC": 0.5207871175409877,
        "Short Conference Name_NEC": 0.4977747170757499,
        "Short Conference Name_AE": 0.4894222190314982,
        "Short Conference Name_MEAC": 0.48195090063220863,
        "Short Conference Name_ACC": 0.45147512975994986,
        "Top 12 in AP Top 25 During Week 6?": 0.4496530084587421,
        "Short Conference Name_ASun": 0.44288390319169296,
        "Short Conference Name_BSth": 0.43299236397544316,
        "Short Conference Name_Pat": 0.4302381169904574,
        "Short Conference Name_Slnd": 0.42826069085279,
        "Short Conference Name_OVC": 0.418682379889193,
        "Short Conference Name_SEC": 0.39634054306740774,
        "Short Conference Name_BSky": 0.3843543147779287,
        "Short Conference Name_BE": 0.376530909550324,
        "Short Conference Name_B12": 0.36246750342031797,
        "Short Conference Name_MCon": 0.31107072658583385,
        "Short Conference Name_BW": 0.285092450492224,
        "Short Conference Name_MAAC": 0.2790949687384076,
        "Adjusted Tempo": 0.2716452638669576,
        "Short Conference Name_B10": 0.2706667100473488,
        "Short Conference Name_SC": 0.2694274331415325,
        "Adjusted Defensive Efficiency": 0.2679973350560406,
        "Short Conference Name_Sum": 0.25723369657951334,
        "Pre-Tournament.Tempo": 0.25044474354605256,
        "Short Conference Name_SB": 0.24141748921170364,
        "OppFG2Pct": 0.23270648538402097,
        "Short Conference Name_Ivy": 0.22836682640322298,
        "Short Conference Name_CUSA": 0.22179395781257527,
        "Short Conference Name_P10": 0.1939349803874595,
        "Short Conference Name_CAA": 0.17417796997193719,
        "Short Conference Name_A10": 0.1700187759681284,
        "Short Conference Name_Horz": 0.16847365035528383,
        "Short Conference Name_P12": 0.16082237916753886,
        "FTRate": 0.1570073914675136,
        "OppBlockPct": 0.15210133894039568,
        "Short Conference Name_MAC": 0.14874291821712896,
        "Short Conference Name_WCC": 0.14481173731157093,
        "Short Conference Name_Amer": 0.1378977220030234,
        "OffFT": 0.12864834967738223,
        "ORPct": 0.12826935235319542,
        "ARate": 0.11429145868730177,
        "Raw Defensive Efficiency": 0.08274266017735811,
        "Short Conference Name_MWC": 0.07732289192756692,
        "OppFTPct": 0.07496399575027014,
        "FG3Rate": 0.06575321003921421,
        "FTPct": 0.060726333421574234,
        "OppStlRate": 0.052442409306100606,
        "Def3PtFG": 0.04314832262681458,
        "Short Conference Name_PL": 0.04064403889108595,
        "BlockPct": 0.028338936209531523,
        "Short Conference Name_WAC": 0.0229344743108599,
        "FG3Pct": 0.016851904176766096,
        "AvgHeight": 0.01577056894523632,
        "StlRate": 0.013029273801240956,
        "DefFT": 0.009471714305119694,
        "Raw Tempo": 0.0,
        "Raw Offensive Efficiency": 0.0,
        "OppFG3Rate": 0.0,
        "FG2Pct": 0.0,
        "Def2PtFG": 0.0,
        "eFGPct": 0.0,
        "OppFG3Pct": 0.0,
        "OppARate": 0.0,
        "TOPct": 0.0,
        "Off3PtFG": 0.0,
        "Off2PtFG": 0.0,
        "Short Conference Name_MVC": 0.0,
        "Short Conference Name_ind": 0.0
    }
}